Email,Tag,DND
management@accessdental.ca,Hard Bounced,Yes
receptionptp@aspiredentalcentre.ca,Hard Bounced,Yes
elly@balancedcaredentalhygiene.com,Hard Bounced,Yes
hr@bdcmail.com,Hard Bounced,Yes
sewells@brushdentist.com,Hard Bounced,Yes
droliver@burlingtonprosthodontics.com,Hard Bounced,Yes
info@cavalieraviation.com,Hard Bounced,Yes
info@dentistebreton.com,Hard Bounced,Yes
ottawa@dentistryonbank.com,Hard Bounced,Yes
info@dixiedental.ca,Hard Bounced,Yes
usinfo@foreveryoungdentures.com,Hard Bounced,Yes
erierstreetdental@gmail.com,Hard Bounced,Yes
drbmohendrandental@gmail.com,Hard Bounced,Yes
125villagegreen@gmail.com,Hard Bounced,Yes
reception.reciept@gmail.com,Hard Bounced,Yes
rykissortho1@gmail.com,Hard Bounced,Yes
doctoradamlyle@gmail.com,Hard Bounced,Yes
ordering.lizgarparkdental@gmail.com,Hard Bounced,Yes
frontdesl@grebedentistry.ca,Hard Bounced,Yes
trithdental@hotmail.com,Hard Bounced,Yes
mrssaga@htldental.ca,Hard Bounced,Yes
smileavenuedentistry@info.ca,Hard Bounced,Yes
nfo@kidsworlddentistry.com,Hard Bounced,Yes
hello@kiteorthodontics.ca,Hard Bounced,Yes
info@nikadental.ca,Hard Bounced,Yes
karintoth@oracaredentalniagara.com,Hard Bounced,Yes
info@osbornedentalgroup.com,Hard Bounced,Yes
drmorin-drpryor@rogers.com,Hard Bounced,Yes
info@smilestudiocalgary.ca,Hard Bounced,Yes
support@standrewsdental.ca,Hard Bounced,Yes
info@summersidedental.com,Hard Bounced,Yes
contact@theacademydental.com,Hard Bounced,Yes
info@tmdentalsolutions.com,Hard Bounced,Yes
rowan@westcalgarybraces.com,Hard Bounced,Yes
info@westontulipdental.com,Hard Bounced,Yes
antrimdentalcenter@yahoo.ca,Hard Bounced,Yes
parkstreetfamilydental@yahoo.ca,Hard Bounced,Yes
smilematters@yahoo.com,Hard Bounced,Yes
dr.pratibh@ymail.com,Hard Bounced,Yes
info@afdentistry.ca,Unsubscribed,Yes
info@dentiston41st.com,Unsubscribed,Yes
info@dentistryinmarkham.com,Unsubscribed,Yes
info@dentureslondon.com,Unsubscribed,Yes
admin@drchrisroper.com,Unsubscribed,Yes
info@emergencydentalyyc.com,Unsubscribed,Yes
info@ernestdental.ca,Unsubscribed,Yes
info@essentialdental.ca,Unsubscribed,Yes
lamothedental@gmail.com,Unsubscribed,Yes
smile@guelphlakesdental.ca,Unsubscribed,Yes
glenn@harkerchan.com,Unsubscribed,Yes
dr_singlag@hotmail.com,Unsubscribed,Yes
welcome@imaginecd.ca,Unsubscribed,Yes
info@jensenlakesdental.com,Unsubscribed,Yes
info@josephzimmer.com,Unsubscribed,Yes
mccallumdentureclinic@live.com,Unsubscribed,Yes
smile@lorneparkdentistry.com,Unsubscribed,Yes
info@maxilladental.com,Unsubscribed,Yes
info@mycoquitlamdentist.com,Unsubscribed,Yes
hello@mydentisthamilton.com,Unsubscribed,Yes
orders@nordstromdental.com,Unsubscribed,Yes
officemanagersp@parkstonedental.com,Unsubscribed,Yes
alexhupka@shaw.ca,Unsubscribed,Yes
dmittal@shaw.ca,Unsubscribed,Yes
birchdental@shaw.ca,Unsubscribed,Yes
info@sunrisedental.ca,Unsubscribed,Yes
info@uptownyongedental.com,Unsubscribed,Yes
info@windsorparkdental.com,Unsubscribed,Yes
info@woodlandsdental.ca,Unsubscribed,Yes
info@woodstocksquaredental.ca,Unsubscribed,Yes
